[{
    "name": "Babyhug Full Sleeves Thermal Vest & Bottom - Dark Grey",
    "price": "156.60",
    "image": "https://cdn.fcglcdn.com/brainbees/images/products/438x531/3564465a.webp",
    "image1": "https://cdn.fcglcdn.com/brainbees/images/products/438x531/3564465b.webp",
    "image2": "https://cdn.fcglcdn.com/brainbees/images/products/438x531/3564465d.webp"
},
{
    "name": "Babyoye Full Sleeves Cotton Jhablas Monster Print Pack of 2 - Blue White",
    "price": "267.81",
    "image": "https://cdn.fcglcdn.com/brainbees/images/products/438x531/8068398a.webp",
    "image1": "https://cdn.fcglcdn.com/brainbees/images/products/438x531/8068398b.webp",
    "image2": "https://cdn.fcglcdn.com/brainbees/images/products/438x531/8068398d.webp"
},
{
    "name": "Babyhug Front Open Thermal Vest - Light Grey",
    "price": "235.45",
    "image": "https://cdn.fcglcdn.com/brainbees/images/products/438x531/2657555a.webp",
    "image1": "https://cdn.fcglcdn.com/brainbees/images/products/438x531/3614479b.webp",
    "image2": "https://cdn.fcglcdn.com/brainbees/images/products/438x531/3614479c.webp"
    
   
},
{
    "name": "Babyhug Full Sleeves Thermal Inner Wear Set - Pink",
    "price": "394.21",
    "image": "https://cdn.fcglcdn.com/brainbees/images/products/438x531/9297335a.webp",
    "image1": "https://cdn.fcglcdn.com/brainbees/images/products/438x531/9297338b.webp",
    "image2": "https://cdn.fcglcdn.com/brainbees/images/products/438x531/9297338e.webp"
    
   
},
{
    "name": "Babyoye Full Sleeves Thermal Vest - Sky Blue",
    "price": "207.93",
    "image": "https://cdn.fcglcdn.com/brainbees/images/products/438x531/3585486a.webp",
    "image1": "https://cdn.fcglcdn.com/brainbees/images/products/56x69/3585486b.webp",
    "image2": "https://cdn.fcglcdn.com/brainbees/images/products/438x531/3585486d.webp"
    
  
},
{
    "name": "Zero Full Sleeves Printed Vests - Yellow",
    "price": "413.31 ",
    "image": "https://cdn.fcglcdn.com/brainbees/images/products/438x531/9338999a.webp",
    "image1": "https://cdn.fcglcdn.com/brainbees/images/products/438x531/9338999b.webp",
    "image2": "https://cdn.fcglcdn.com/brainbees/images/products/438x531/9338999c.webp"
    
},
{
    "name": "Babyhug Full Sleeves Vest Vehicle Print Pack of 2 - Blue",
    "price": "213.31",
    "image": "https://cdn.fcglcdn.com/brainbees/images/products/438x531/8240925a.webp",
    "image1": "https://cdn.fcglcdn.com/brainbees/images/products/438x531/8240925b.webp",
    "image2": "https://cdn.fcglcdn.com/brainbees/images/products/438x531/8240925d.webp"
    
},
{
    "name": "Babyhug Full Sleeves Thermal Vest - Blue",
    "price": "155.73",
    "image": "https://cdn.fcglcdn.com/brainbees/images/products/438x531/9297227a.webp",
    "image1": "https://cdn.fcglcdn.com/brainbees/images/products/438x531/9297227b.webp",
    "image2": "https://cdn.fcglcdn.com/brainbees/images/products/438x531/9297227c.webp"
    
   
},
{
    "name": "Babyhug Full Sleeves Full Length Thermal Wear Set - Off White",
    "price": "555.21",
    "image": "https://cdn.fcglcdn.com/brainbees/images/products/438x531/3564484a.webp",
    "image1": "https://cdn.fcglcdn.com/brainbees/images/products/438x531/3564484b.webp",
    "image2": "https://cdn.fcglcdn.com/brainbees/images/products/438x531/3564484f.webp"
    
  
},
{
    "name": "Cucumber Full Sleeves Vest Bear Print - Light Grey",
    "price": "338.53",
    "image": "https://cdn.fcglcdn.com/brainbees/images/products/438x531/8146580a.webp",
    "image1": "https://cdn.fcglcdn.com/brainbees/images/products/438x531/8146580b.webp",
    "image2": "https://cdn.fcglcdn.com/brainbees/images/products/438x531/8146580c.webp"
    
    
}]